time_s,speed_true_m_s,speed_measured_m_s,target_m_s,throttle,error_control
0.100000,0.333333,-0.021614,30.000000,1.000000,30.021614
0.200000,0.666664,0.307398,30.000000,1.000000,29.692602
0.300000,0.999986,0.649967,30.000000,1.000000,29.350033
0.400000,1.333294,1.105284,30.000000,1.000000,28.894716
0.500000,1.666583,1.314156,30.000000,1.000000,28.685844
0.600000,1.999847,1.441980,30.000000,1.000000,28.558020
0.700000,2.333081,2.049695,30.000000,1.000000,27.950305
0.800000,2.666278,2.292980,30.000000,1.000000,27.707020
0.900000,2.999433,2.633734,30.000000,1.000000,27.366266
1.000000,3.332542,3.016816,30.000000,1.000000,26.983184
1.100000,3.665598,3.367387,30.000000,1.000000,26.632613
1.200000,3.998595,3.840131,30.000000,1.000000,26.159869
1.300000,4.331529,4.097090,30.000000,1.000000,25.902910
1.400000,4.664393,4.348105,30.000000,1.000000,25.651895
1.500000,4.997182,4.553645,30.000000,1.000000,25.446355
1.600000,5.329891,4.844983,30.000000,1.000000,25.155017
1.700000,5.662514,5.366843,30.000000,1.000000,24.633157
1.800000,5.995046,5.859177,30.000000,1.000000,24.140823
1.900000,6.327481,6.001295,30.000000,1.000000,23.998705
2.000000,6.659813,6.311533,30.000000,1.000000,23.688467
2.100000,6.992038,6.739580,30.000000,1.000000,23.260420
2.200000,7.324149,6.774006,30.000000,1.000000,23.225994
2.300000,7.656141,7.277307,30.000000,1.000000,22.722693
2.400000,7.988009,7.729696,30.000000,1.000000,22.270304
2.500000,8.319747,8.119020,30.000000,1.000000,21.880980
2.600000,8.651350,8.283653,30.000000,1.000000,21.716347
2.700000,8.982812,8.707840,30.000000,1.000000,21.292160
2.800000,9.314128,9.020044,30.000000,1.000000,20.979956
2.900000,9.645293,9.431477,30.000000,1.000000,20.568523
3.000000,9.976301,9.478310,30.000000,1.000000,20.521690
3.100000,10.307146,10.061538,30.000000,1.000000,19.938462
3.200000,10.637823,10.079968,30.000000,1.000000,19.920032
3.300000,10.968327,10.244831,30.000000,1.000000,19.755169
3.400000,11.298653,10.877294,30.000000,1.000000,19.122706
3.500000,11.628795,11.161282,30.000000,1.000000,18.838718
3.600000,11.958748,11.760197,30.000000,1.000000,18.239803
3.700000,12.288506,12.058387,30.000000,1.000000,17.941613
3.800000,12.618064,12.105644,30.000000,1.000000,17.894356
3.900000,12.947417,12.745168,30.000000,1.000000,17.254832
4.000000,13.276559,12.797086,30.000000,1.000000,17.202914
4.100000,13.605486,13.263623,30.000000,1.000000,16.736377
4.200000,13.934191,13.561401,30.000000,1.000000,16.438599
4.300000,14.262671,13.951354,30.000000,1.000000,16.048646
4.400000,14.590918,14.385466,30.000000,1.000000,15.614534
4.500000,14.918929,14.686680,30.000000,1.000000,15.313320
4.600000,15.246698,14.971412,30.000000,1.000000,15.028588
4.700000,15.574220,15.344191,30.000000,1.000000,14.655809
4.800000,15.901490,15.645994,30.000000,1.000000,14.354006
4.900000,16.228501,15.807442,30.000000,1.000000,14.192558
5.000000,16.555251,16.120896,30.000000,1.000000,13.879104
5.100000,16.881732,16.484755,30.000000,1.000000,13.515245
5.200000,17.207941,16.956631,30.000000,1.000000,13.043369
5.300000,17.533871,17.170423,30.000000,1.000000,12.829577
5.400000,17.859519,17.884234,30.000000,1.000000,12.115766
5.500000,18.184878,17.736625,30.000000,1.000000,12.263375
5.600000,18.509944,18.020047,30.000000,1.000000,11.979953
5.700000,18.834712,18.625215,30.000000,1.000000,11.374785
5.800000,19.159176,19.047989,30.000000,1.000000,10.952011
5.900000,19.483333,19.235030,30.000000,1.000000,10.764970
6.000000,19.807176,19.608706,30.000000,1.000000,10.391294
6.100000,20.130701,20.021128,30.000000,1.000000,9.978872
6.200000,20.453904,20.116597,30.000000,1.000000,9.883403
6.300000,20.776778,20.240460,30.000000,1.000000,9.759540
6.400000,21.099319,20.696966,30.000000,1.000000,9.303034
6.500000,21.421523,21.242254,30.000000,1.000000,8.757746
6.600000,21.743385,21.204971,30.000000,1.000000,8.795029
6.700000,22.064898,21.748414,30.000000,1.000000,8.251586
6.800000,22.386060,22.102884,30.000000,1.000000,7.897116
6.900000,22.706865,22.338722,30.000000,1.000000,7.661278
7.000000,23.027309,22.815410,30.000000,1.000000,7.184590
7.100000,23.347385,23.114426,30.000000,1.000000,6.885574
7.200000,23.667091,23.695597,30.000000,1.000000,6.304403
7.300000,23.986421,23.760086,30.000000,1.000000,6.239914
7.400000,24.305371,23.895011,30.000000,1.000000,6.104989
7.500000,24.623936,24.221101,30.000000,1.000000,5.778899
7.600000,24.942110,24.499198,30.000000,1.000000,5.500802
7.700000,25.259891,25.084951,30.000000,1.000000,4.915049
7.800000,25.577273,25.174866,30.000000,1.000000,4.825134
7.900000,25.894251,25.566734,30.000000,1.000000,4.433266
8.000000,26.210822,26.006647,30.000000,1.000000,3.993353
8.100000,26.526980,26.102302,30.000000,1.000000,3.897698
8.200000,26.842721,26.482931,30.000000,1.000000,3.517069
8.300000,27.158041,26.566528,30.000000,1.000000,3.433472
8.400000,27.472936,26.995669,30.000000,1.000000,3.004331
8.500000,27.787400,27.387775,30.000000,1.000000,2.612225
8.600000,28.056638,27.849764,30.000000,0.865626,2.150236
8.700000,28.279747,28.235662,30.000000,0.728365,1.764338
8.800000,28.558830,28.276977,30.000000,0.897230,1.723023
8.900000,28.742057,28.598035,30.000000,0.610849,1.401965
9.000000,28.926234,28.767252,30.000000,0.614489,1.232748
9.100000,29.034154,29.088945,30.000000,0.386515,0.911055
9.200000,29.171902,29.168157,30.000000,0.476467,0.831843
9.300000,29.310342,29.212956,30.000000,0.479145,0.787044
9.400000,29.476935,29.158700,30.000000,0.564213,0.841300
9.500000,29.484286,29.612443,30.000000,0.087218,0.387557
9.600000,29.592445,29.541443,30.000000,0.389675,0.458557
9.700000,29.611008,29.776486,30.000000,0.121367,0.223514
9.800000,29.726683,29.606522,30.000000,0.412788,0.393478
9.900000,29.704591,30.019648,30.000000,0.000000,-0.019648
10.000000,29.847073,29.650760,30.000000,0.493623,0.349240
10.100000,29.824802,30.086032,30.000000,0.000000,-0.086032
10.200000,29.914926,29.842070,30.000000,0.337084,0.157930
10.300000,29.966324,29.837485,30.000000,0.221313,0.162515
10.400000,30.031034,29.797057,30.000000,0.261479,0.202943
10.500000,30.018440,30.008380,30.000000,0.029858,-0.008380
10.600000,29.995913,30.231938,30.000000,0.000000,-0.231938
10.700000,30.018794,30.118369,30.000000,0.136126,-0.118369
10.800000,30.021053,30.122127,30.000000,0.074362,-0.122127
10.900000,30.177538,29.664672,30.000000,0.537048,0.335328
11.000000,30.154771,30.284182,30.000000,0.000000,-0.284182
11.100000,30.146111,30.238148,30.000000,0.042219,-0.238148
11.200000,30.187755,30.063622,30.000000,0.193092,-0.063622
11.300000,30.189928,30.093647,30.000000,0.074867,-0.093647
11.400000,30.167142,30.189582,30.000000,0.000000,-0.189582
11.500000,30.144391,30.425874,30.000000,0.000000,-0.425874
11.600000,30.242891,29.986126,30.000000,0.363653,0.013874
11.700000,30.220026,30.178721,30.000000,0.000000,-0.178721
11.800000,30.197194,30.424293,30.000000,0.000000,-0.424293
11.900000,30.246869,30.130272,30.000000,0.217414,-0.130272
12.000000,30.226171,30.192231,30.000000,0.006522,-0.192231
12.100000,30.203330,30.240837,30.000000,0.000000,-0.240837
12.200000,30.259434,30.017137,30.000000,0.236727,-0.017137
12.300000,30.236543,30.292425,30.000000,0.000000,-0.292425
12.400000,30.288356,30.055100,30.000000,0.224007,-0.055100
12.500000,30.265421,30.421135,30.000000,0.000000,-0.421135
12.600000,30.267489,30.265898,30.000000,0.074905,-0.265898
12.700000,30.244586,30.610004,30.000000,0.000000,-0.610004
12.800000,30.270271,30.286712,30.000000,0.145658,-0.286712
12.900000,30.247363,30.475124,30.000000,0.000000,-0.475124
13.000000,30.328670,30.051874,30.000000,0.312538,-0.051874
13.100000,30.305674,30.310349,30.000000,0.000000,-0.310349
13.200000,30.282714,30.354146,30.000000,0.000000,-0.354146
13.300000,30.259788,30.544572,30.000000,0.000000,-0.544572
13.400000,30.367366,30.007650,30.000000,0.391409,-0.007650
13.500000,30.344311,30.515959,30.000000,0.000000,-0.515959
13.600000,30.321292,30.433015,30.000000,0.000000,-0.433015
13.700000,30.298307,30.551324,30.000000,0.000000,-0.551324
13.800000,30.275358,30.405165,30.000000,0.000000,-0.405165
13.900000,30.266895,30.283168,30.000000,0.043356,-0.283168
14.000000,30.268990,30.188647,30.000000,0.074992,-0.188647
14.100000,30.290684,30.081763,30.000000,0.133798,-0.081763
14.200000,30.267746,30.319997,30.000000,0.000000,-0.319997
14.300000,30.258127,30.238991,30.000000,0.039855,-0.238991
14.400000,30.235239,30.561168,30.000000,0.000000,-0.561168
14.500000,30.297188,30.143585,30.000000,0.254411,-0.143585
14.600000,30.274240,30.345247,30.000000,0.000000,-0.345247
14.700000,30.334912,30.038890,30.000000,0.250756,-0.038890
14.800000,30.311907,30.275593,30.000000,0.000000,-0.275593
14.900000,30.288937,30.351079,30.000000,0.000000,-0.351079
15.000000,30.266001,30.412531,30.000000,0.000000,-0.412531
15.100000,30.243100,30.483216,30.000000,0.000000,-0.483216
15.200000,30.260164,30.236478,30.000000,0.119788,-0.236478
15.300000,30.283736,30.092577,30.000000,0.139394,-0.092577
15.400000,30.260809,30.352414,30.000000,0.000000,-0.352414
15.500000,30.237916,30.338357,30.000000,0.000000,-0.338357
15.600000,30.215058,30.311665,30.000000,0.000000,-0.311665
15.700000,30.245051,30.110014,30.000000,0.158450,-0.110014
15.800000,30.222181,30.415058,30.000000,0.000000,-0.415058
15.900000,30.226828,30.235366,30.000000,0.082442,-0.235366
16.000000,30.203986,30.331801,30.000000,0.000000,-0.331801
16.100000,30.181179,30.395097,30.000000,0.000000,-0.395097
16.200000,30.169250,30.272570,30.000000,0.032531,-0.272570
16.300000,30.156325,30.212228,30.000000,0.029488,-0.212228
16.400000,30.133590,30.479244,30.000000,0.000000,-0.479244
16.500000,30.168624,30.170145,30.000000,0.173206,-0.170145
16.600000,30.166980,30.124230,30.000000,0.063330,-0.124230
16.700000,30.144229,30.183776,30.000000,0.000000,-0.183776
16.800000,30.121512,30.366645,30.000000,0.000000,-0.366645
16.900000,30.147195,30.139319,30.000000,0.145096,-0.139319
17.000000,30.124474,30.225102,30.000000,0.000000,-0.225102
17.100000,30.101787,30.303834,30.000000,0.000000,-0.303834
17.200000,30.155102,30.024858,30.000000,0.227904,-0.024858
17.300000,30.205101,29.896116,30.000000,0.218196,0.103884
17.400000,30.182292,30.250014,30.000000,0.000000,-0.250014
17.500000,30.162175,30.216752,30.000000,0.007971,-0.216752
17.600000,30.184901,30.070973,30.000000,0.136409,-0.070973
17.700000,30.162122,30.315564,30.000000,0.000000,-0.315564
17.800000,30.139711,30.253258,30.000000,0.000998,-0.253258
17.900000,30.194580,29.990462,30.000000,0.232736,0.009538
18.000000,30.171787,30.272313,30.000000,0.000000,-0.272313
18.100000,30.178672,30.142371,30.000000,0.088931,-0.142371
18.200000,30.226087,29.956218,30.000000,0.210551,0.043782
18.300000,30.203246,30.294029,30.000000,0.000000,-0.294029
18.400000,30.195164,30.196464,30.000000,0.044169,-0.196464
18.500000,30.208252,30.083371,30.000000,0.107646,-0.083371
18.600000,30.185438,30.286694,30.000000,0.000000,-0.286694
18.700000,30.162659,30.258652,30.000000,0.000000,-0.258652
18.800000,30.188355,30.076029,30.000000,0.145322,-0.076029
18.900000,30.165572,30.248408,30.000000,0.000000,-0.248408
19.000000,30.142823,30.317832,30.000000,0.000000,-0.317832
19.100000,30.191661,30.035923,30.000000,0.214658,-0.035923
19.200000,30.168873,30.248795,30.000000,0.000000,-0.248795
19.300000,30.161147,30.169286,30.000000,0.045084,-0.169286
19.400000,30.138404,30.501048,30.000000,0.000000,-0.501048
19.500000,30.276645,29.859059,30.000000,0.482847,0.140941
19.600000,30.253728,30.380938,30.000000,0.000000,-0.380938
19.700000,30.254840,30.207792,30.000000,0.071981,-0.207792
19.800000,30.231956,30.239810,30.000000,0.000000,-0.239810
19.900000,30.209107,30.517194,30.000000,0.000000,-0.517194
20.000000,30.232293,30.207821,30.000000,0.138002,-0.207821
